name	pool	seq	length
EBOV-400_01_LEFT	1	AGAATTTTTAGGATCTTTTGTGTGCGA	27
EBOV-400_01_RIGHT	1	CCCCAAGCTTTAGGGTTGTTGA	22
EBOV-400_03_LEFT	1	ATACAGGCCTTTGAAGCAGGTG	22
EBOV-400_03_RIGHT	1	AGCTGTTGGATATTGTATCAGTCCT	25
EBOV-400_05_LEFT	1	GTCTCCATCCTCTTGCAAGGAC	22
EBOV-400_05_RIGHT	1	AGTTACCATAGCGTTTGTTTGCTG	24
EBOV-400_07_LEFT	1	CGGCGAATACCAGAGTTACTCG	22
EBOV-400_07_RIGHT	1	TTCCGTCCCTGTCCTGTTCTTC	22
EBOV-400_09_LEFT	1	AGTTTTCAGTACCAGTGATGGCA	23
EBOV-400_09_RIGHT	1	AACGCCTATTTGCATTAAGACTCAA	25
EBOV-400_11_LEFT	1	TGAATTCTCTAGCACTCGAAGCT	23
EBOV-400_11_RIGHT	1	TCAAGACTCGTAATGCGTTGTTCT	24
EBOV-400_13_LEFT	1	GACCGTCCCTCAAAGTGTTAGG	22
EBOV-400_13_RIGHT	1	CCCAACCTCGATCAATCTTGGG	22
EBOV-400_15_LEFT	1	AGGAGCTATATCTCTGACAGTATTATAATCA	31
EBOV-400_15_RIGHT	1	CTTTGGGGCCCGATATGACATT	22
EBOV-400_17_LEFT	1	GCCAGTCCAACTACCCCAGTAT	22
EBOV-400_17_RIGHT	1	GGGTCCAAACCGATGTACTTTG	22
EBOV-400_19_LEFT	1	ATCCGTCCATTAGAGGAGATACTTTT	26
EBOV-400_19_RIGHT	1	GATTACGCTCACTGTCGGCTTA	22
EBOV-400_21_LEFT	1	TCATCCACAATAGCACATTACAGGT	25
EBOV-400_21_RIGHT	1	AACTGTGGAAGCAAGTCGATCA	22
EBOV-400_23_LEFT	1	AAGATTCACACCACAGTTTCTGC	23
EBOV-400_23_RIGHT	1	GGTTGAGGACTCGTGGAGATTG	22
EBOV-400_25_LEFT	1	TCCCCAAAACCACAGCGAGA	20
EBOV-400_25_RIGHT	1	CGGTTGAGGATTGAAAAGGTGC	22
EBOV-400_27_LEFT	1	GGCGTTATAATTGCAGTTATCGCT	24
EBOV-400_27_RIGHT	1	TCTACCGGTTCGCAGATCTGAT	22
EBOV-400_29_LEFT	1	CCTCACAAGTACGCGTTCCTAC	22
EBOV-400_29_RIGHT	1	AACTTCCTCGTCATCACAGCAC	22
EBOV-400_31_LEFT	1	TGCTGTCGTTGTTTCAGGGTTA	22
EBOV-400_31_RIGHT	1	GATGGGATGGATCGTTGCTACC	22
EBOV-400_33_LEFT	1	TGCGGAGGTCTGATAAGAATAAACC	25
EBOV-400_33_RIGHT	1	TGTCTAGACACTCTCAGTTCAACC	24
EBOV-400_35_LEFT	1	AACTAATGACTTTGCCCCTGCA	22
EBOV-400_35_RIGHT	1	ACCAGAAAACCCATGTTAGTTCGA	24
EBOV-400_37_LEFT	1	CTTGACATCTCTGCTTTCATAATCAGA	27
EBOV-400_37_RIGHT	1	TCAACTGCTTCATCTAAAACACGG	24
EBOV-400_39_LEFT	1	ACGATGTAACTGTTACCAAGTTCTTG	26
EBOV-400_39_RIGHT	1	ACATAGTCCCCATAACCTAAGATGTC	26
EBOV-400_41_LEFT	1	AGGATCCAGTTTGTTCTGATTATCCC	26
EBOV-400_41_RIGHT	1	TGCTTTTAGCACCGTAGCATGT	22
EBOV-400_43_LEFT	1	ACCATCCTCCACTTTTCTCAACC	23
EBOV-400_43_RIGHT	1	TTGCTCACGTTCCGTAACTACC	22
EBOV-400_45_LEFT	1	TCCACCACATAACCTCACACTG	22
EBOV-400_45_RIGHT	1	AGGCAATTGGACCCCATTCAAA	22
EBOV-400_47_LEFT	1	CGGTAAACCTCTGGATTTCGGA	22
EBOV-400_47_RIGHT	1	AACAGGAGTTGATGATAATAGCCATTT	27
EBOV-400_49_LEFT	1	ACTTGCACAGTTGATTTAGCACA	23
EBOV-400_49_RIGHT	1	TCACTGTTCGAACTGCCTTGAG	22
EBOV-400_51_LEFT	1	TCTGCACGCGACAGCAATATTA	22
EBOV-400_51_RIGHT	1	TCCACTGCTAATTGGGTCTGTAG	23
EBOV-400_53_LEFT	1	GCGTTATGTCACGGTTAATGAGT	23
EBOV-400_53_RIGHT	1	GCCAAGTATTTTCGGTTGCTGTT	23
EBOV-400_55_LEFT	1	TGTGGTACAGCAAATCCAAAACTAA	25
EBOV-400_55_RIGHT	1	GGACTCAGTAGCTAGCGTGTTG	22
EBOV-400_57_LEFT	1	ACAGATCGAAATTGTACGAAGCTG	24
EBOV-400_57_RIGHT	1	ACCTGTGGTATAGTACTTTCTCTAATGA	28
EBOV-400_59_LEFT	1	GGGACATGGCAAGCTGAGTTTA	22
EBOV-400_59_RIGHT	1	TCACACATGCTGCATTGTGAAT	22
EBOV-400_61_LEFT	1	CGAAAGGTCTGGGCTCATATTGT	23
EBOV-400_61_RIGHT	1	CCAGGAATCCTTTTTGCAACGT	22
EBOV-400_02_LEFT	2	TCACAGTCAAACAAGCAAGATTGA	24
EBOV-400_02_RIGHT	2	CTCCCTGGTACGCATGATGAAG	22
EBOV-400_04_LEFT	2	GTAGGAGAAAAGGCTTGCCTTGA	23
EBOV-400_04_RIGHT	2	CATACTCTCCATGCTTGGCCAG	22
EBOV-400_06_LEFT	2	ACCATCTTGGACTTGATGATCAGG	24
EBOV-400_06_RIGHT	2	ACTGGCTTAGTGTCCTCATCGT	22
EBOV-400_08_LEFT	2	ATCAACGAAGAGGCAGACCCA	21
EBOV-400_08_RIGHT	2	TTTTTCAGTGAGCCATGGTGGA	22
EBOV-400_10_LEFT	2	ACGAAACCAGGAAGAATTTTTGATGT	26
EBOV-400_10_RIGHT	2	TGCCCTTTGTTCTGGTTGTCAT	22
EBOV-400_12_LEFT	2	AGGAGGTAGTGCAAACATTAGCT	23
EBOV-400_12_RIGHT	2	TTGCCGAAATGTCAGGTTTCCC	22
EBOV-400_14_LEFT	2	ATCCGCTCTCGAGGTGACATTC	22
EBOV-400_14_RIGHT	2	CTCTCAGTCGAGGTAGGTTTTTCT	24
EBOV-400_16_LEFT	2	ATGACACCATCGACCATGCCA	21
EBOV-400_16_RIGHT	2	TCATCGGTCCATGTTGCAGC	20
EBOV-400_18_LEFT	2	AGATCGTTCCAATTGATCCAACCA	24
EBOV-400_18_RIGHT	2	TGAGTCTTTTGTTAAGTTCTACATTTAGGA	30
EBOV-400_20_LEFT	2	GGTTGTTCACCATCCAAGTACAGA	24
EBOV-400_20_RIGHT	2	AGTCCAACTGATCTCAATTGATTTGT	26
EBOV-400_22_LEFT	2	TGCACAAAGTATCAGGAACGGG	22
EBOV-400_22_RIGHT	2	AGTTTTCCCGTGGTATTGCTCC	22
EBOV-400_24_LEFT	2	GCAATGGTTCAAGTGCACAGTC	22
EBOV-400_24_RIGHT	2	GGTAATTAAGCCTAGCTTCCCGC	23
EBOV-400_26_LEFT	2	TGGCCAACGAGACGACTCAA	20
EBOV-400_26_RIGHT	2	TGATTTGAGGCTGAACTTTGCC	22
EBOV-400_28_LEFT	2	CCTTGATTCTACAATCATGACAGTTGT	27
EBOV-400_28_RIGHT	2	TTTTTCAAGGTCGGACATATGTCTTT	26
EBOV-400_30_LEFT	2	GGCGAGACAAGACATCAGAACC	22
EBOV-400_30_RIGHT	2	CCCTCATCAGACCATGAGCATG	22
EBOV-400_32_LEFT	2	TCGCTCGTAATATAACCTGCCA	22
EBOV-400_32_RIGHT	2	GGACTACCCTGGAATAGTACTTTGC	25
EBOV-400_34_LEFT	2	GAACATCACTTTGAGCGCCCTC	22
EBOV-400_34_RIGHT	2	ACAGCGGTGATTCAATTGTGGA	22
EBOV-400_36_LEFT	2	ACATGTCGTGAACTACAACGGA	22
EBOV-400_36_RIGHT	2	GCTGGCTTACGGTGAGGATTTA	22
EBOV-400_38_LEFT	2	CATGTGTTAGGTTTCACAGATTCTATATATTAC	33
EBOV-400_38_RIGHT	2	CAGTGCCTTGAGAAGAATTGGGA	23
EBOV-400_40_LEFT	2	CGAAGGGGTAGATTAAACCGAGG	23
EBOV-400_40_RIGHT	2	ACCCATCAGACCCTAATATGGAGA	24
EBOV-400_42_LEFT	2	TTCAAAAACACTGGGGGCATCC	22
EBOV-400_42_RIGHT	2	TAGGCTCGAATACTGCATCCCA	22
EBOV-400_44_LEFT	2	ACTCGCAATGTTCAAACACTTTGT	24
EBOV-400_44_RIGHT	2	TCCCTCCCATATGACCCCTGTA	22
EBOV-400_46_LEFT	2	TGCCTGCGGAATCTTTTTAAAACC	24
EBOV-400_46_RIGHT	2	AAACATTTCTCAGGATTCAAGAAGGAT	27
EBOV-400_48_LEFT	2	ACCCTAAGTGCGAAAAACAAACT	23
EBOV-400_48_RIGHT	2	GGCTCCAATAAGAGGTCTTCCC	22
EBOV-400_50_LEFT	2	AATGTCCTTCCGCAGCCTTAAG	22
EBOV-400_50_RIGHT	2	TTGGATATCTGTAGCCTCAGTGTT	24
EBOV-400_52_LEFT	2	TATCTGGATGGGAGCTAGCCAA	22
EBOV-400_52_RIGHT	2	TAATCTGGCCGCATCTGAGAGT	22
EBOV-400_54_LEFT	2	TGTTTACACATGTAAGAGTACAGCCA	26
EBOV-400_54_RIGHT	2	ACGGTGTGAGATTATTTGATGACCT	25
EBOV-400_56_LEFT	2	TGACACTAGCAGAGGGAGAAGG	22
EBOV-400_56_RIGHT	2	CTTAGAAAGACTTTAAGGACCACTGC	26
EBOV-400_58_LEFT	2	TGGCTAAGTCATTTAACTCAGTATGC	26
EBOV-400_58_RIGHT	2	ACGTTCTTCACAATTGCAATCTCT	24
EBOV-400_60_LEFT	2	TCCGGATGGTCTCTACAGGTTT	22
EBOV-400_60_RIGHT	2	TTTGTTTTAAGAAGTCGTGTTATCAACC	28
