Primer Name	Pool	Sequence	Length	GC%	Tm	Start	End
DRCMAN2018V_1_LEFT	1	CGGACACACAAAAAGAAAGAAGAATTTT	28	32.14	60.17	0	28
DRCMAN2018V_1_RIGHT	1	GGGTTGTTGAATCTCCAATCCTCT	24	45.83	60.57	402	378
DRCMAN2018V_2_LEFT	2	CTCTGCAGGGTGATCCAACAAC	22	54.55	61.45	264	286
DRCMAN2018V_2_RIGHT	2	GGAAACTGTCCGCACTCTCTTG	22	54.55	61.44	689	667
DRCMAN2018V_3_LEFT	1	AACAGGGGATTGTTCGGCAAAG	22	50	61.66	563	585
DRCMAN2018V_3_RIGHT	1	CAAAGGAGAGAAACTGACCGGC	22	54.55	61.44	929	907
DRCMAN2018V_4_LEFT	2	AGTGAAGCGCCTTGAGGAATTG	22	50	61.45	807	829
DRCMAN2018V_4_RIGHT	2	TGAAATCACAGCATCGTTGGCA	22	45.45	61.39	1168	1146
DRCMAN2018V_5_LEFT	1	GCTTGGCAATCAGTAGGACACA	22	50	60.88	1036	1058
DRCMAN2018V_5_RIGHT	1	CCGAGTGCAATTGCCGATAGTT	22	50	61.57	1434	1412
DRCMAN2018V_6_LEFT	2	GGTGAACTCCTTTAAGGCTGCA	22	50	60.81	1296	1318
DRCMAN2018V_6_RIGHT	2	TCCACTTGTTTTGGGCAGTGAC	22	50	61.53	1726	1704
DRCMAN2018V_7_LEFT	1	TGAACTTCCATCAGAAAAAGAACGAAA	27	33.33	60.15	1598	1625
DRCMAN2018V_7_RIGHT	1	TGCTGGCCCTTTTGACTGTTTT	22	45.45	61.48	2016	1994
DRCMAN2018V_8_LEFT	2	AGTTATTCGGAAAACGGCATGAGT	24	41.67	61.1	1879	1903
DRCMAN2018V_8_RIGHT	2	AGTGATCTCTGTATACGGGGGC	22	54.55	61.08	2312	2290
DRCMAN2018V_9_LEFT	1	CAATTAACGAAGAGGCGGACCC	22	54.55	61.57	2159	2181
DRCMAN2018V_9_RIGHT	1	TCAAGGGAGTCTGGATACGTGT	22	50	60.56	2547	2525
DRCMAN2018V_10_LEFT	2	TCGCCACATTTTAAGATCACAGGG	24	45.83	61.4	2424	2448
DRCMAN2018V_10_RIGHT	2	ACACCTTAGACATCAAGAATTCTTCCT	27	37.04	60.26	2784	2757
DRCMAN2018V_11_LEFT	1	ACAAGAATAAATTCATGGCAATCCTGC	27	37.04	61.11	2648	2675
DRCMAN2018V_11_RIGHT	1	ACGATCGTGTAAATGTTGGGCA	22	45.45	60.87	3008	2986
DRCMAN2018V_12_LEFT	2	CGTTAAGCCACAGTTGTAGCCA	22	50	61.13	2887	2909
DRCMAN2018V_12_RIGHT	2	CTGCATTTGGGATACGTGGCAT	22	50	61.59	3308	3286
DRCMAN2018V_13_LEFT	1	TCAAAACGACAGAATGCCAGGC	22	50	61.96	3172	3194
DRCMAN2018V_13_RIGHT	1	ACCGGTTGTCATCACCAGAAGA	22	50	61.61	3578	3556
DRCMAN2018V_14_LEFT	2	GCATCAGAATCATTAGAGCAACGC	24	45.83	60.84	3434	3458
DRCMAN2018V_14_RIGHT	2	AAGCAGTTCCAAAACCAGGCAA	22	45.45	61.48	3843	3821
DRCMAN2018V_15_LEFT	1	AGTGTTAGGGAGGCATTCAACAA	23	43.48	60.18	3710	3733
DRCMAN2018V_15_RIGHT	1	CTCGATCAATCTTGGGCGATGG	22	54.55	61.44	4095	4073
DRCMAN2018V_16_LEFT	2	ACGAAAAGAGTTCCAATCTTCCAAGA	26	38.46	60.91	3968	3994
DRCMAN2018V_16_RIGHT	2	TCATCACTTTTGGTTTGGGTTACCT	25	40	60.87	4394	4369
DRCMAN2018V_17_LEFT	1	TGAGTATCAGCCCTGGATAATATAAGTCA	29	37.93	61.16	4240	4269
DRCMAN2018V_17_RIGHT	1	TCCCCATTGACTGACTCTGGTG	22	54.55	61.68	4612	4590
DRCMAN2018V_18_LEFT	2	GGCGGGTTATATTGCCTACTGC	22	54.55	61.45	4482	4504
DRCMAN2018V_18_RIGHT	2	GCCGATTGACTCTGACAAGTGG	22	54.55	61.5	4890	4868
DRCMAN2018V_19_LEFT	1	GCTTCCTCTAGGTGTCGCTGAT	22	54.55	61.85	4762	4784
DRCMAN2018V_19_RIGHT	1	TTAGATCGGCACTGTTCCCCTT	22	50	61.42	5172	5150
DRCMAN2018V_20_LEFT	2	ACCGATGACACTCCAACAGGAT	22	50	61.42	5051	5073
DRCMAN2018V_20_RIGHT	2	CTTGCAGGAGAATGACACGTGT	22	50	61.12	5434	5412
DRCMAN2018V_21_LEFT	1	TCATGGGAATCGAAGTGCCAGA	22	50	61.74	5250	5272
DRCMAN2018V_21_RIGHT	1	ACATTTAGGAGAGGAAAAAGACAATGGT	28	35.71	61.12	5610	5582
DRCMAN2018V_22_LEFT	2	CCAGTTTTACAGAATCTTCTCAGGGA	26	42.31	60.52	5479	5505
DRCMAN2018V_22_RIGHT	2	ACAACCTAGAAATGGGTCCCGA	22	50	61.1	5851	5829
DRCMAN2018V_23_LEFT	1	TCTTTCTCATTGCACATACTCTTTGC	26	38.46	60.35	5727	5753
DRCMAN2018V_23_RIGHT	1	TGATGTCCTCTTGAATCGATCACG	24	45.83	60.73	6092	6068
DRCMAN2018V_24_LEFT	2	TAGGGGTCGTCAGGTCCTTTTC	22	54.55	61.41	5962	5984
DRCMAN2018V_24_RIGHT	2	TTTCAGCCCATTCACCAGCTTC	22	50	61.4	6357	6335
DRCMAN2018V_25_LEFT	1	AGTTGGACTGAATCTCGAAGGGA	23	47.83	61.07	6232	6255
DRCMAN2018V_25_RIGHT	1	TCAAGGGGTGTGAGCTGAAGAA	22	50	61.56	6636	6614
DRCMAN2018V_26_LEFT	2	CAAAGAGGGTGCTTTCTTCCTGT	23	47.83	61	6499	6522
DRCMAN2018V_26_RIGHT	2	TAGTTTCCCAGAAGGCCCACTC	22	54.55	61.69	6918	6896
DRCMAN2018V_27_LEFT	1	TCTGCTCCAGCTGAATGAGACA	22	50	61.41	6793	6815
DRCMAN2018V_27_RIGHT	1	CACGGGTGTATTATGGGTGCTG	22	54.55	61.32	7216	7194
DRCMAN2018V_28_LEFT	2	TGCAATGGTTCAAGTGCACAGT	22	45.45	61.53	7080	7102
DRCMAN2018V_28_RIGHT	2	CTGGCACTCTCTTCTCCGGTAT	22	54.55	61.27	7461	7439
DRCMAN2018V_29_LEFT	1	AAACAGAGAACGCCAACACGAG	22	50	61.62	7328	7350
DRCMAN2018V_29_RIGHT	1	TGAAGAGCTTGAGTCGTCTCGT	22	50	61.39	7746	7724
DRCMAN2018V_30_LEFT	2	CGGACTGGCCTGGATACCATAT	22	54.55	61.42	7617	7639
DRCMAN2018V_30_RIGHT	2	CTGTCTCCATCCTGTCCACCAA	22	54.55	61.68	7987	7965
DRCMAN2018V_31_LEFT	1	GGACTGCTGTATCGAACCACATG	23	52.17	61.53	7854	7877
DRCMAN2018V_31_RIGHT	1	TGTCAAACCTTGTTTATGATTAACTGTGA	29	31.03	60.18	8253	8224
DRCMAN2018V_32_LEFT	2	AGCAAAGCTCAGCCTCAAATCA	22	45.45	60.82	8089	8111
DRCMAN2018V_32_RIGHT	2	TGCTTTATGTGTGTTGGGTTGCA	23	43.48	61.75	8457	8434
DRCMAN2018V_33_LEFT	1	TCATCCTCGATTCTACAATCATGACAG	27	40.74	60.74	8331	8358
DRCMAN2018V_33_RIGHT	1	TCCTTAGGTGCTGGAGGAACTG	22	54.55	61.42	8717	8695
DRCMAN2018V_34_LEFT	2	TCGAGCACGATCATCATCCAGA	22	50	61.33	8582	8604
DRCMAN2018V_34_RIGHT	2	CCAGTGTTCTGCCGTCTTGATC	22	54.55	61.5	8970	8948
DRCMAN2018V_35_LEFT	1	AGAACAACAATTAAATATAACTGCACCCA	29	31.03	60.29	8843	8872
DRCMAN2018V_35_RIGHT	1	GTCGGTCCCATTGTTGCCATAG	22	54.55	61.58	9205	9183
DRCMAN2018V_36_LEFT	2	TCCCAGCTGAGTCTTTTATGTGAGA	25	44	61.51	9057	9082
DRCMAN2018V_36_RIGHT	2	CGGAGTATTGTGATCAAGTAGAAGGT	26	42.31	60.41	9425	9399
DRCMAN2018V_37_LEFT	1	GAACATTGGTTCCTCAATCAGATAATGAG	29	37.93	60.68	9292	9321
DRCMAN2018V_37_RIGHT	1	GGATGGATCGTTGCTACCTCCT	22	54.55	61.61	9683	9661
DRCMAN2018V_38_LEFT	2	ACAACCCTAACAGTGACCAAAGG	23	47.83	60.69	9547	9570
DRCMAN2018V_38_RIGHT	2	GCCTCTAGGGGCCTAATCTGAA	22	54.55	61.03	9949	9927
DRCMAN2018V_39_LEFT	1	GGAGGAGGTGTTTGGTATTGGC	22	54.55	61.21	9775	9797
DRCMAN2018V_39_RIGHT	1	ATGGAGTTGACCTGGTGGAGTT	22	50	61.3	10175	10153
DRCMAN2018V_40_LEFT	2	ACGCTACAAAAGTGTCTCTAAGCT	24	41.67	60.26	10037	10061
DRCMAN2018V_40_RIGHT	2	CAGCCCAATAAACCTTCCACCC	22	54.55	61.47	10474	10452
DRCMAN2018V_41_LEFT	1	AACCATGGCTAAAGCTACGGGA	22	50	61.75	10340	10362
DRCMAN2018V_41_RIGHT	1	TCAGAGATCAGACCAAGGGCTC	22	54.55	61.22	10715	10693
DRCMAN2018V_42_LEFT	2	CCGAATTCTACAATTGAATCACCGC	25	44	61.01	10590	10615
DRCMAN2018V_42_RIGHT	2	TGAAGGAGGGAAAATTTCGCCG	22	50	61.46	11012	10990
DRCMAN2018V_43_LEFT	1	CGGATTGTTGAGCAGTATTGAAATTGG	27	40.74	61.57	10862	10889
DRCMAN2018V_43_RIGHT	1	GTGTCAACTTGGAAGCTGGCTT	22	50	61.59	11274	11252
DRCMAN2018V_44_LEFT	2	TGCTGACTCAATAGTTATCTTGACATCT	28	35.71	60.38	11137	11165
DRCMAN2018V_44_RIGHT	2	ACACGGAAAGACCCAATAAGCA	22	45.45	60.22	11541	11519
DRCMAN2018V_45_LEFT	1	CGCAGGTCACATGTGTTAGATTTC	24	45.83	60.44	11407	11431
DRCMAN2018V_45_RIGHT	1	TCGCCACTGGTACATCACTCAA	22	50	61.67	11788	11766
DRCMAN2018V_46_LEFT	2	AGTCACTAGAGCTTGCGGGTTA	22	50	61.15	11651	11673
DRCMAN2018V_46_RIGHT	2	ACCCCTTCGAGTCAAAATAGCC	22	50	60.36	12066	12044
DRCMAN2018V_47_LEFT	1	GTGGGTGCTCAAGAAGACTGTG	22	54.55	61.38	11940	11962
DRCMAN2018V_47_RIGHT	1	GCACATTATCAAGACGTCGGCA	22	50	61.56	12300	12278
DRCMAN2018V_48_LEFT	2	CTGAACACACAAGGAATCCCCC	22	54.55	61.14	12177	12199
DRCMAN2018V_48_RIGHT	2	GAATCGGCCCTTCCTTTCAGTG	22	54.55	61.52	12537	12515
DRCMAN2018V_49_LEFT	1	TCTATGCTTTACCAGAGCGGAGA	23	47.83	60.94	12399	12422
DRCMAN2018V_49_RIGHT	1	GCTTTTAGCACCGTAGCGTGTT	22	50	62	12773	12751
DRCMAN2018V_50_LEFT	2	GGAGATGACGCCACAACAACTT	22	50	61.39	12653	12675
DRCMAN2018V_50_RIGHT	2	ATACTGCATCCCAGCATGTCCT	22	50	61.56	13072	13050
DRCMAN2018V_51_LEFT	1	AACTACTATGGGAATTTTACCACCTTGA	28	35.71	60.48	12946	12974
DRCMAN2018V_51_RIGHT	1	GTGTTTGAACATTGCGAGTCGG	22	50	60.91	13306	13284
DRCMAN2018V_52_LEFT	2	TTTCCTACGCGCAAAAACTCGA	22	45.45	61.37	13174	13196
DRCMAN2018V_52_RIGHT	2	ACATTCTTCACACCATAGCAACGA	24	41.67	60.8	13562	13538
DRCMAN2018V_53_LEFT	1	ACATGCCACAGTTAGAGGGAGT	22	50	61.09	13439	13461
DRCMAN2018V_53_RIGHT	1	TCGTCTGCGTCAGTCTCTAAGG	22	54.55	61.51	13859	13837
DRCMAN2018V_54_LEFT	2	ACTCTGGACAAGTATTTCATGTGCT	25	40	60.51	13721	13746
DRCMAN2018V_54_RIGHT	2	TCGTGTCTCAGAGATGGATCGC	22	54.55	61.89	14136	14114
DRCMAN2018V_55_LEFT	1	GAATGGGGTCCAATTGCCTCAG	22	54.55	61.53	14000	14022
DRCMAN2018V_55_RIGHT	1	AACTGGATCTCCTAGATTCCGGT	23	47.83	60.37	14367	14344
DRCMAN2018V_56_LEFT	2	CCTTGGACAGTTAACACTCGGC	22	54.55	61.44	14231	14253
DRCMAN2018V_56_RIGHT	2	TCGTCTTCGAAGTCAGCTGACG	22	54.55	62.55	14621	14599
DRCMAN2018V_57_LEFT	1	GGATTAAATGTCCCTGGGTCGC	22	54.55	61.33	14490	14512
DRCMAN2018V_57_RIGHT	1	TATTTGGGTTAAAGCCTCCGCC	22	50	60.95	14889	14867
DRCMAN2018V_58_LEFT	2	TCAACAATAATACAGAGACACCGGT	25	40	60.05	14764	14789
DRCMAN2018V_58_RIGHT	2	ATTCCATCCCCGATAGTCCAGC	22	54.55	61.68	15152	15130
DRCMAN2018V_59_LEFT	1	ATGTCCGCAGTGTTCAAATGCA	22	45.45	61.65	15026	15048
DRCMAN2018V_59_RIGHT	1	GGCCATGAAAGAATGAGGACTGT	23	47.83	60.88	15426	15403
DRCMAN2018V_60_LEFT	2	AAAACCATTTTTGGAAGCACGAGT	24	37.5	60.38	15299	15323
DRCMAN2018V_60_RIGHT	2	ATACTGAGCTGGTACTTCCCGG	22	54.55	61.28	15660	15638
DRCMAN2018V_61_LEFT	1	TTTCCAGAATGTTATAAATTATGCAGTTGC	30	30	60.01	15524	15554
DRCMAN2018V_61_RIGHT	1	TCTCCACTGCTAATTGGGTCTGT	23	47.83	61.33	15923	15900
DRCMAN2018V_62_LEFT	2	AACGGCTGAACATCATAGAAGATGA	25	40	60.4	15790	15815
DRCMAN2018V_62_RIGHT	2	CGCATCTGAGAGTCCTCTGTCA	22	54.55	61.52	16218	16196
DRCMAN2018V_63_LEFT	1	GCTCATTGCGAATACTTAAGCCG	23	47.83	60.6	16093	16116
DRCMAN2018V_63_RIGHT	1	TGCATGGAAGAAATTGCTGGCT	22	45.45	61.41	16494	16472
DRCMAN2018V_64_LEFT	2	AGATCGTAGAACTGCTGGTGCA	22	50	61.73	16363	16385
DRCMAN2018V_64_RIGHT	2	GCTGTACCACAAGCAGAGTCAC	22	54.55	61.44	16760	16738
DRCMAN2018V_65_LEFT	1	CACATGATGGCACTGAACGGAA	22	50	61.45	16627	16649
DRCMAN2018V_65_RIGHT	1	TGCATGGACGAGACTATACCGG	22	54.55	61.65	17021	16999
DRCMAN2018V_66_LEFT	2	AGGGACACGCCAATTAACTTCA	22	45.45	60.22	16889	16911
DRCMAN2018V_66_RIGHT	2	TGGCTTGCTGAGTTGTTAAGGA	22	45.45	60.16	17279	17257
DRCMAN2018V_67_LEFT	1	ACACGCTAGCTACTGAGTCCAG	22	54.55	61.52	17146	17168
DRCMAN2018V_67_RIGHT	1	TCTAGCACTTGACGTTATTGGCT	23	43.48	60.06	17568	17545
DRCMAN2018V_68_LEFT	2	CCAGCGTATTGAAAGCAGTGGT	22	50	61.45	17437	17459
DRCMAN2018V_68_RIGHT	2	AGTGGACCTCTTTTTGAATCGACG	24	45.83	61.33	17825	17801
DRCMAN2018V_69_LEFT	1	CCCATACTGGCTAAGTCATTTAACTCA	27	40.74	60.85	17690	17717
DRCMAN2018V_69_RIGHT	1	TGCACACACTAATCAACTCTGGT	23	43.48	60.18	18064	18041
DRCMAN2018V_70_LEFT	2	ACTGCAAAAGGACGAATCACAAAAC	25	40	61.19	17934	17959
DRCMAN2018V_70_RIGHT	2	GGGACTCCTTTCGTTATTTAAATAGTTGT	29	34.48	60.13	18355	18326
DRCMAN2018V_71_LEFT	1	TTGAATTACCGTGCATAGTATCCTGA	26	38.46	60.18	18215	18241
DRCMAN2018V_71_RIGHT	1	AGAAGTCGTGTTATCAACCAAAACACT	27	37.04	61.54	18584	18557
DRCMAN2018V_72_LEFT	2	TGACGCAACGTAATAAATTCTGCAC	25	40	60.89	18446	18471
DRCMAN2018V_72_RIGHT	2	GCCTTCTGATAAGCGTGGTCAA	22	50	60.94	18871	18849
